,City,Cloudiness (%),Country,Date,Humidity (%),Lat,Lng,Max Temp (F),Wind Speed (mph)
0,ondjiva,52,AO,1570071189,20,-17.07,15.73,60.14,5.08
1,bredasdorp,36,ZA,1570071145,87,-34.53,20.04,51.8,5.82
2,albany,90,US,1570070988,71,42.65,-73.75,54,8.05
3,rantepao,1,ID,1570071189,52,-2.97,119.9,75.64,5.55
4,tezu,85,IN,1570071189,79,27.93,96.16,76.59,0.31
5,lorengau,87,PG,1570071190,75,-2.02,147.27,82.91,2.28
6,mataura,86,NZ,1570071061,88,-46.19,168.86,48,8.99
7,nikolskoye,90,RU,1570071190,93,59.7,30.79,42.01,6.71
8,atuona,24,PF,1570071191,72,-9.8,-139.03,80.09,8.16
9,pangnirtung,0,CA,1570071191,70,66.15,-65.72,23.26,3.91
10,charters towers,100,AU,1570071191,34,-20.07,146.27,81.36,15.32
11,hobart,0,AU,1570071092,31,-42.88,147.33,82.99,10.29
12,krasnogorodsk,100,RU,1570071191,95,56.83,28.28,44.73,10.09
13,new norfolk,0,AU,1570071192,31,-42.78,147.06,82.99,10.29
14,arlit,59,NE,1570071192,12,18.74,7.39,86.53,10.09
15,gandorhun,100,SL,1570071192,99,8.44,-10.86,70.06,0.22
16,hamilton,90,CA,1570071042,87,43.26,-79.87,55,13.87
17,lazaro cardenas,20,MX,1570071193,73,28.39,-105.62,71.6,3.36
18,punta arenas,0,CL,1570071193,77,-53.16,-70.91,41,29.97
19,vila franca do campo,40,PT,1570071193,77,37.72,-25.43,71.01,3.36
20,arraial do cabo,0,BR,1570071194,84,-22.97,-42.02,69.41,26.8
21,norman wells,75,CA,1570071194,93,65.28,-126.83,46.4,3.36
22,nelson bay,0,AU,1570071194,20,-32.72,152.14,84.2,11.41
23,rikitea,90,PF,1570071132,76,-23.12,-134.97,64.39,9.8
24,pacific grove,1,US,1570071195,45,36.62,-121.92,64.99,6.85
25,alta gracia,0,AR,1570071195,46,-31.66,-64.43,53.6,11.41
26,carnarvon,61,ZA,1570071132,31,-30.97,22.13,49.65,2.46
27,lake havasu city,1,US,1570071196,9,34.47,-114.34,80.6,5.82
28,buncrana,100,GB,1570071196,68,55.14,-7.45,51.16,16.02
29,berlevag,100,NO,1570071196,78,70.86,29.09,37.77,17.52
30,jamestown,12,AU,1570070998,19,-33.21,138.6,83.45,1.45
31,yaan,68,NG,1570071197,95,7.38,8.57,71.77,2.17
32,reconquista,93,AR,1570071197,92,-29.14,-59.64,58.45,10.71
33,bela,34,PK,1570071197,73,26.23,66.31,76.32,5.19
34,port alfred,0,ZA,1570071197,87,-33.59,26.89,63,10
35,ushuaia,40,AR,1570071198,65,-54.81,-68.31,41,31.09
36,kapaa,40,US,1570071198,70,22.08,-159.32,87.8,16.11
37,klaksvik,5,FO,1570071198,81,62.23,-6.59,42.8,1.12
38,mackay,20,CA,1570071199,92,53.65,-115.58,51.8,9.17
39,vaini,40,IN,1570071199,88,15.34,74.49,73.4,0.65
40,cherskiy,0,RU,1570071199,56,68.75,161.3,27.85,16.93
41,peniche,0,PT,1570071186,82,39.36,-9.38,60.8,5.82
42,kitoy,0,RU,1570071199,56,52.6,103.9,42.8,6.71
43,along,39,IN,1570071200,73,28.17,94.8,65.47,3.78
44,vila,0,IT,1570071200,25,45.18,8.4,64.99,20.8
45,taoudenni,0,ML,1570071200,11,22.68,-3.98,86.84,3.89
46,bethel,90,US,1570071201,87,60.79,-161.76,51.8,8.05
47,cape town,20,ZA,1570071167,77,-33.93,18.42,60.01,3.36
48,joensuu,0,FI,1570071154,86,62.6,29.76,34,8.05
49,port macquarie,0,AU,1570071201,36,-31.43,152.91,82,9.17
50,bud,100,NO,1570071201,87,62.91,6.91,44.6,2.24
51,durban,69,CA,1570071202,84,51.93,-101.44,35.34,2.48
52,warrington,100,GB,1570071202,100,53.39,-2.59,41,2.24
53,aklavik,90,CA,1570071202,80,68.22,-135.01,41,8.05
54,yellowknife,75,CA,1570070903,66,62.45,-114.38,48.2,8.05
55,iqaluit,20,CA,1570070951,92,63.75,-68.52,32,6.93
56,poum,40,MK,1570071203,87,41.28,20.71,51.8,3.36
57,port-gentil,100,GA,1570071203,75,-0.72,8.78,77.53,8.72
58,castro,0,CL,1570071204,94,-42.48,-73.76,33.8,6.93
59,nanortalik,100,GL,1570071168,75,60.14,-45.24,41.48,1.52
60,narsaq,100,GL,1570071157,32,60.91,-46.05,51.8,29.97
61,airai,0,TL,1570071204,32,-8.93,125.41,93.57,3.29
62,puerto ayora,47,EC,1570071070,91,-0.74,-90.35,68,1.01
63,ambilobe,33,MG,1570071205,75,-13.19,49.05,73.16,3.78
64,koshurnikovo,74,RU,1570071205,45,54.3,93.39,40.13,3.6
65,tuktoyaktuk,90,CA,1570071205,93,69.44,-133.03,35.6,12.75
66,tuatapere,67,NZ,1570071187,88,-46.13,167.69,48,8.99
67,bilibino,100,RU,1570071206,89,68.06,166.44,13.81,5.37
68,bluff,0,AU,1570071206,29,-23.58,149.07,80.75,13.24
69,avarua,33,CK,1570071206,57,-21.21,-159.78,77,8.05
70,san patricio,100,PY,1570071040,94,-26.98,-56.83,67.31,6.38
71,geraldton,75,CA,1570071207,86,49.72,-86.95,32,4.7
72,lompoc,1,US,1570071173,54,34.64,-120.46,63,4.7
73,antofagasta,90,CL,1570071168,82,-23.65,-70.4,57.2,4.7
74,impfondo,8,CD,1570071207,94,1.62,18.06,69.41,2.42
75,nhulunbuy,40,AU,1570071208,54,-12.18,136.78,84.2,17.22
76,butaritari,100,KI,1570071208,59,3.07,172.79,84.87,2.44
77,keffi,75,NG,1570071208,88,8.85,7.88,71.6,3.36
78,dikson,100,RU,1570071171,70,73.51,80.55,26.52,24.36
79,faanui,9,PF,1570071103,78,-16.48,-151.75,77.78,14.76
80,miles city,90,US,1570071209,93,46.41,-105.84,39.2,4.7
81,kaili,36,ID,1570071209,79,-3.46,120.21,69.09,2.04
82,mahebourg,75,MU,1570071209,94,-20.41,57.7,73.4,8.05
83,ilulissat,0,GL,1570071210,33,69.22,-51.1,46.4,21.92
84,barrow,0,AR,1570071210,78,-38.31,-60.23,36.2,7.31
85,saldanha,100,PT,1570071175,62,41.42,-6.55,55.57,1.3
86,boralday,20,KZ,1570071210,65,43.36,76.86,46.4,2.24
87,kodiak,90,US,1570071151,93,39.95,-94.76,60.8,6.93
88,northam,0,AU,1570071211,38,-31.65,116.67,75.2,11.41
89,husavik,100,CA,1570071211,83,50.56,-96.99,43,5.7
90,hermanus,0,ZA,1570071211,89,-34.42,19.24,57,6.89
91,pevek,100,RU,1570071212,72,69.7,170.27,29.27,7.85
92,kalanguy,0,RU,1570071212,28,51.01,116.52,42.79,8.32
93,qaanaaq,26,GL,1570071212,71,77.48,-69.36,21.19,4.09
94,salina cruz,68,MX,1570071213,84,16.18,-95.2,76.83,3.27
95,berekum,100,GH,1570071213,98,7.45,-2.58,71.77,3.31
96,genhe,55,CN,1570071213,40,50.78,121.52,40.88,4.9
97,bambous virieux,75,MU,1570071213,94,-20.34,57.76,73.4,8.05
98,dormagen,20,DE,1570071214,100,51.09,6.84,50,8.05
99,mar del plata,0,AR,1570071214,37,-46.43,-67.52,46.48,7.56
100,hithadhoo,95,MV,1570071041,80,-0.6,73.08,82.35,16.51
101,kuminskiy,100,RU,1570071214,90,58.67,66.57,47.65,11.92
102,bangkalan,21,ID,1570071215,38,-7.05,112.74,93.12,9.62
103,gwanda,23,ZW,1570071215,92,-20.94,29,53.25,8.25
104,ostrovnoy,93,RU,1570071215,76,68.05,39.51,34.1,19.24
105,cabo san lucas,20,MX,1570071033,69,22.89,-109.91,80.01,6.93
106,mitchell,90,US,1570071192,87,43.71,-98.03,46.4,13.87
107,tiarei,20,PF,1570071216,65,-17.53,-149.33,80.6,12.75
108,kasama,1,ZM,1570071216,86,-10.21,31.19,62.88,6.67
109,nishihara,20,JP,1570071217,57,35.74,139.53,87.01,12.75
110,coquimbo,0,CL,1570071217,76,-29.95,-71.34,53.6,9.17
111,hualmay,10,PE,1570071191,91,-11.1,-77.61,61.24,14.94
112,ponta do sol,0,BR,1570071217,51,-20.63,-46,71.37,3.04
113,neiafu,75,TO,1570071218,74,-18.65,-173.98,80.6,7.36
114,payo,100,ID,1570071218,49,-3.75,103.64,82.52,5.55
115,busselton,100,AU,1570071219,38,-33.64,115.35,75,15.32
116,pimentel,0,BR,1570071219,88,-3.7,-45.5,73.37,2.86
117,resistencia,90,AR,1570071189,100,-27.45,-58.99,66.2,6.93
118,simao,4,CN,1570071219,55,22.76,100.79,80.36,1.66
119,kolvereid,100,NO,1570071220,68,64.86,11.6,41,1.99
120,kavaratti,20,IN,1570071220,83,10.57,72.64,82.4,4.7
121,ballina,100,IE,1570071220,80,54.11,-9.15,48,13
122,georgetown,0,GY,1570071220,94,6.8,-58.16,77,2.24
123,mount isa,0,AU,1570071221,20,-20.73,139.49,93.2,13.87
124,kysyl-syr,0,RU,1570071221,59,63.9,122.77,30.5,5.01
125,kapit,55,MY,1570071221,57,2.02,112.94,89.91,1.07
126,bridgend,100,GB,1570071222,87,51.51,-3.58,48,5.82
127,ust-tsilma,100,RU,1570071222,95,65.44,52.15,33.79,8.1
128,chokurdakh,97,RU,1570071222,88,70.62,147.9,27.04,12.86
129,humboldt,0,CA,1570071222,89,52.21,-105.12,34.04,6.53
130,hasaki,75,JP,1570071223,69,35.73,140.83,86,9.17
131,mosquera,75,CO,1570071223,87,4.71,-74.23,55.4,5.82
132,tobol,52,SE,1570071223,86,59.83,12.54,37.4,5.82
133,khorixas,0,NA,1570071224,43,-20.37,14.96,54.78,0.96
134,ericeira,0,PT,1570071224,82,38.96,-9.42,63,5.82
135,chuy,97,UY,1570071224,76,-33.69,-53.46,56.88,18.07
136,ancud,0,CL,1570071224,75,-41.87,-73.83,33.8,6.93
137,tello,75,CO,1570071225,69,3.07,-75.14,80.6,4.7
138,durango,90,MX,1570071225,82,24.02,-104.67,63,10.29
139,saint-philippe,1,CA,1570071131,75,45.36,-73.48,45,9.17
140,ribeira grande,100,PT,1570071041,68,38.52,-28.7,69.54,8.68
141,luocheng,0,CN,1570071226,37,28.29,114.55,88.19,3.94
142,saint-augustin,20,CA,1570071226,75,45.63,-73.98,46,2.24
143,college,90,US,1570071226,100,64.86,-147.8,37.99,9.17
144,buala,43,SB,1570071226,73,-8.15,159.59,82.53,9.28
145,isangel,75,VU,1570071227,54,-19.55,169.27,80.6,13.87
146,whitehorse,75,CA,1570071227,46,60.72,-135.06,50,8.05
147,sakaiminato,20,JP,1570071227,62,35.55,133.23,86,21.92
148,manono,0,CD,1570071227,80,-7.3,27.4,70.73,1.59
149,sabinas,14,MX,1570071228,64,27.85,-101.13,79.2,6.55
150,point pedro,0,LK,1570071228,76,9.82,80.23,82.14,9.17
151,laguna,75,BZ,1570071228,94,16.17,-88.94,78.8,1.5
152,saint-joseph,0,FR,1570071228,82,43.56,6.97,64.99,3.36
153,grindavik,90,IS,1570071158,87,63.84,-22.43,46.4,34.45
154,huarmey,69,PE,1570071229,90,-10.07,-78.15,61.31,16.96
155,srednekolymsk,100,RU,1570071229,88,67.46,153.71,29.04,21.07
156,gat,20,SN,1570071230,83,14.69,-16.54,75.2,3.36
157,abay,0,KZ,1570071230,79,49.63,72.87,24.8,4.47
158,manjacaze,0,MZ,1570071231,92,-24.71,33.88,57.93,2.42
159,los llanos de aridane,75,ES,1570071231,88,28.66,-17.92,80.01,10.29
160,houston,1,US,1570070566,78,29.76,-95.37,82.99,10.16
161,lafiagi,83,NG,1570071231,96,8.85,5.42,72.87,4.36
162,east london,67,ZA,1570071232,26,-33.02,27.91,66.41,5.28
163,vostok,100,RU,1570071232,86,46.45,135.83,61.71,2.91
164,puerto escondido,38,MX,1570071232,85,15.86,-97.07,74.97,3.31
165,hadejia,100,NG,1570071232,60,12.45,10.04,80.73,8.66
166,presidencia roque saenz pena,100,AR,1570071137,90,-26.79,-60.44,59.39,6.51
167,deputatskiy,100,RU,1570071233,86,69.3,139.9,22.27,25.52
168,nizwa,0,OM,1570071233,67,22.93,57.53,74.38,1.41
169,ushumun,0,RU,1570071233,31,52.78,126.54,42.79,9.42
170,ossora,70,RU,1570071234,73,59.24,163.07,39.15,12.12
171,isla vista,1,US,1570071234,54,34.41,-119.86,66.2,4.7
172,khandyga,91,RU,1570071234,57,62.65,135.58,27.6,2.24
173,paamiut,94,GL,1570071235,52,61.99,-49.67,47.27,13.11
174,paita,74,PE,1570071235,91,-5.09,-81.11,63.99,14.58
175,victoria,75,BN,1570071081,74,5.28,115.24,86,2.24
176,cidreira,100,BR,1570071237,89,-30.17,-50.22,63.87,10.22
177,gorin,88,BF,1570071238,77,12.34,-0.67,77.94,5.95
178,waddan,0,LY,1570071238,19,29.16,16.14,74.11,7.81
179,jacareacanga,32,BR,1570071238,90,-6.22,-57.76,73.52,2.24
180,nortelandia,85,BR,1570071238,87,-14.45,-56.8,71.52,3.13
181,faya,0,SA,1570071239,51,18.39,42.45,64.4,2.59
182,santa rita,40,BR,1570071239,88,-7.13,-34.98,73.4,4.7
183,vamvakou,20,GR,1570071239,77,39.34,22.42,66,5.82
184,san ramon,100,NI,1570071239,98,12.92,-85.84,67.05,1.25
185,borovoy,53,RU,1570071240,97,63.23,52.89,37.34,6.31
186,sao joao da barra,5,BR,1570071240,97,-21.64,-41.05,65.27,1.54
187,san jeronimo,41,PE,1570071240,92,-13.65,-73.37,48.39,2.24
188,talnakh,75,RU,1570071241,93,69.49,88.39,35.6,13.42
189,richards bay,0,ZA,1570071241,73,-28.77,32.06,66.17,26.42
190,yelniki,64,RU,1570071241,91,54.62,43.88,49.22,7.78
191,aitape,26,PG,1570071241,65,-3.15,142.36,85.18,7.67
192,emba,90,CY,1570071242,82,34.81,32.42,68,6.93
193,port lincoln,28,AU,1570071242,84,-34.72,135.86,57.41,11.52
194,riyadh,0,SA,1570071024,28,24.63,46.72,80.6,3.36
195,amapa,40,HN,1570071242,83,15.09,-87.97,80.6,3.36
196,blackwater,100,GB,1570071118,100,51.33,-0.78,44.01,1.12
197,touros,0,BR,1570071243,94,-5.2,-35.46,71.6,4.7
198,doka,100,SD,1570071243,90,13.52,35.76,72.89,3.49
199,homestead,20,US,1570071180,83,25.47,-80.48,82,11.41
200,longyearbyen,75,NO,1570071244,74,78.22,15.63,35.6,16.11
201,starobaltachevo,100,RU,1570071244,88,56,55.92,48.6,17.78
202,general roca,40,AR,1570071244,39,-39.03,-67.58,53.6,4.7
203,portland,75,US,1570070888,66,43.66,-70.25,51.8,8.05
204,feira de santana,40,BR,1570071245,98,-12.26,-38.96,67.86,3
205,comodoro rivadavia,0,AR,1570071091,60,-45.87,-67.48,39.2,2.24
206,shanghai,0,CN,1570070457,62,31.23,121.49,84.2,4.47
207,banting,75,MY,1570071245,70,2.82,101.5,84.2,2.24
208,nouadhibou,36,MR,1570071245,48,20.93,-17.03,82.4,14.99
209,sao filipe,0,CV,1570071246,86,14.9,-24.5,77.39,10.92
210,chico,20,US,1570071246,29,39.73,-121.84,71.6,4.7
211,sabzevar,0,IR,1570071246,62,36.21,57.68,52.98,5.75
212,shihezi,100,CN,1570071247,21,44.3,86.03,53.09,9.04
213,sorland,77,NO,1570071247,54,67.67,12.69,44.73,13.35
214,fortuna,1,US,1570071247,76,40.6,-124.16,54,8.05
215,plouzane,90,FR,1570071248,100,48.38,-4.62,53.01,6.93
216,calvinia,100,ZA,1570071248,88,-31.47,19.78,49.9,6.62
217,thompson,5,CA,1570071160,73,55.74,-97.86,26.6,4.52
218,maun,0,BW,1570071248,63,-19.99,23.42,62.6,11.41
219,taseyevo,100,RU,1570071249,71,57.22,94.9,40.7,8.43
220,sosnovo-ozerskoye,0,RU,1570071249,44,52.53,111.54,37.82,7.27
221,port elizabeth,75,US,1570071249,73,39.31,-74.98,81,5.44
222,omsukchan,0,RU,1570071249,86,62.53,155.8,16.64,3.78
223,tiksi,100,RU,1570071250,87,71.64,128.87,24.57,27.38
224,constitucion,90,MX,1570071250,82,23.99,-104.67,63,10.29
225,si sa ket,40,TH,1570071250,79,15.12,104.33,89.01,4.7
226,san lorenzo,100,HN,1570070968,94,13.43,-87.45,74.56,2.37
227,saint george,20,GR,1570071251,77,39.45,22.34,60.8,5.82
228,hofn,100,IS,1570071251,99,64.25,-15.21,31.31,13.85
229,horn lake,0,US,1570071251,73,34.96,-90.03,82,3.94
230,dingle,89,PH,1570071252,67,11,122.67,85.61,5.17
231,bathsheba,40,BB,1570071252,74,13.22,-59.52,82.4,16.11
232,mahon,75,IE,1570071252,76,51.89,-8.4,51.8,16.11
233,belaya gora,100,RU,1570071253,73,68.54,146.19,31.07,25.93
234,steinbach,90,CA,1570071127,80,49.53,-96.69,43,3.36
235,oktyabrskiy,0,RU,1570071253,87,55.61,37.97,55,6.71
236,rafsanjan,0,IR,1570071253,39,30.4,55.99,59.04,1.14
237,zheleznodorozhnyy,0,RU,1570071254,87,55.75,38,55,6.71
238,karratha,0,AU,1570071208,14,-20.74,116.85,98.91,4.16
239,hargeysa,5,SO,1570071197,72,9.56,44.06,68.44,6.33
240,hilo,75,US,1570071093,58,19.71,-155.08,84.2,5.82
241,severo-kurilsk,100,RU,1570071254,96,50.68,156.12,48.01,14.41
242,tasiilaq,100,GL,1570071255,60,65.61,-37.64,41,31.09
243,hunchun,100,CN,1570071255,53,42.86,130.36,75.68,2.19
244,viedma,0,AR,1570071177,62,-40.81,-62.99,39.91,10.02
245,sitka,89,US,1570071255,93,37.17,-99.65,57.99,8.99
246,saint marys,90,US,1570071256,88,41.43,-78.56,70,4.7
247,sao miguel do iguacu,90,BR,1570071256,100,-25.35,-54.24,75.2,6.93
248,flin flon,40,CA,1570071106,84,54.77,-101.88,34.33,4.72
249,ligayan,89,PH,1570071256,74,4.65,119.47,82.53,6.96
250,kloulklubed,75,PW,1570071257,70,7.04,134.26,86,6.93
251,algiers,1,US,1570071028,88,29.94,-90.04,84.2,3.62
252,kudahuvadhoo,100,MV,1570071257,75,2.67,72.89,83.38,7.96
253,salalah,40,OM,1570071082,83,17.01,54.1,78.8,3.36
254,hervey bay,0,AU,1570071257,44,-25.3,152.85,79,12.75
255,upernavik,100,GL,1570071258,68,72.79,-56.15,37.19,10.69
256,buchanan,75,LR,1570071258,94,5.88,-10.05,75.2,11.9
257,nanakuli,90,US,1570071258,88,21.39,-158.15,87.8,10.29
258,haines junction,19,CA,1570071258,78,60.75,-137.51,34.92,2.86
259,umkomaas,2,ZA,1570071259,93,-30.21,30.8,62.01,4.9
260,sibolga,32,ID,1570071259,81,1.74,98.78,79.6,13.67
261,guarapari,40,BR,1570071068,88,-20.67,-40.5,68,2.24
262,corinto,75,CO,1570071259,88,3.17,-76.26,69.8,3.36
263,mizdah,0,LY,1570071260,27,31.45,12.98,69.41,8.81
264,sarangani,25,PH,1570071260,73,5.4,125.46,81.62,0.02
265,pisco,0,PE,1570071260,82,-13.71,-76.2,64,8.05
266,cabinda,89,AO,1570071261,83,-5.56,12.19,77.08,5.1
267,hirara,40,JP,1570071261,70,24.8,125.28,84.2,10.29
268,kaitangata,81,NZ,1570071261,59,-46.28,169.85,53.01,11.01
269,ust-kuyga,100,RU,1570071226,79,70,135.55,27.13,26.17
270,altay,0,CN,1570071262,21,47.83,88.13,40.45,1.7
271,katsuura,75,JP,1570071262,78,33.93,134.5,78.8,33.33
272,mollendo,97,PE,1570071262,87,-17.03,-72.02,61.83,14.85
273,bonavista,100,CA,1570071263,88,48.65,-53.11,39.99,8.99
274,arica,90,CL,1570071263,72,-18.48,-70.32,62.6,4.7
275,mabaruma,100,GY,1570071263,95,8.2,-59.78,73.86,1.63
276,beringovskiy,95,RU,1570071179,64,63.05,179.32,36.45,3.09
277,corozal,75,BZ,1570071264,83,18.39,-88.39,78.8,0.58
278,yakeshi,100,CN,1570071264,50,49.28,120.73,41.12,10.49
279,souillac,0,FR,1570071264,93,45.6,-0.6,53.01,8.66
280,wyndham,100,GB,1570071264,87,51.61,-3.54,48,5.82
281,abu samrah,0,SY,1570071265,92,35.3,37.18,64.35,7.83
282,margate,0,AU,1570071265,31,-43.03,147.26,82.99,10.29
283,ternate,40,PH,1570071265,74,14.29,120.72,86,6.93
284,chingirlau,32,KZ,1570071266,59,51.09,54.08,50.12,10.16
285,chara,20,GR,1570071266,77,39.42,22.43,60.8,5.82
286,shu,0,KZ,1570071266,37,43.6,73.76,54.98,1.79
287,moree,26,AU,1570071266,26,-29.46,149.84,80.6,6.93
288,dubbo,0,AU,1570071267,16,-32.25,148.6,84.2,8.05
289,chifeng,100,CN,1570071267,83,42.27,118.96,51.5,6.69
290,mersing,100,MY,1570071267,50,2.43,103.84,89.82,2.13
291,rawson,0,AR,1570071159,23,-43.3,-65.11,48.33,7.43
292,lincoln,93,GB,1570071175,93,53.23,-0.54,43,6.93
293,zhigansk,23,RU,1570071161,64,66.77,123.37,27.6,3.74
294,okha,100,RU,1570071268,59,53.59,142.95,41.71,21.16
295,vysokogornyy,100,RU,1570071268,97,50.1,139.13,34.02,3.69
296,kruisfontein,100,ZA,1570071269,74,-34,24.73,58.29,16.28
297,kavieng,41,PG,1570071269,69,-2.57,150.8,83.06,1.16
298,elliot,0,ZA,1570071269,39,-31.33,27.85,53.34,8.28
299,christchurch,90,NZ,1570071269,50,-43.53,172.64,55.99,11.41
300,baykit,100,RU,1570071270,99,61.68,96.39,35.97,5.73
301,asaba,100,NG,1570071270,97,6.19,6.75,73.48,2.46
302,khatanga,0,RU,1570071270,68,71.98,102.47,23.82,8.46
303,middleton,100,GB,1570071271,100,53.55,-2.2,41,2.24
304,tual,8,ID,1570071271,81,-5.67,132.75,80.1,12.86
305,obo,95,CF,1570071271,95,5.39,26.49,69.27,1.68
306,sterling,90,US,1570071271,69,39,-77.4,82,2.75
307,jonava,90,LT,1570071272,93,55.07,24.28,46.4,3.36
308,lebu,75,ET,1570071272,82,8.96,38.73,57.2,4.7
309,vestmannaeyjar,100,IS,1570071272,75,63.44,-20.27,47.74,47.51
310,komsomolskiy,100,RU,1570071272,87,67.55,63.78,38.61,15.64
311,tuensang,0,IN,1570071273,63,26.24,94.81,81.76,1.86
312,bulgan,0,MN,1570071273,75,48.81,103.53,29.87,2.64
313,urucuca,40,BR,1570071122,78,-14.59,-39.28,77,9.17
314,evensk,0,RU,1570071274,32,61.92,159.24,36.81,8.34
315,micheweni,92,TZ,1570071274,81,-4.97,39.83,79.33,14.34
316,quebradillas,1,PR,1570071274,88,18.47,-66.94,82.99,3.36
317,dunmore east,100,IE,1570071274,79,52.15,-6.99,54,1.99
318,sawtell,0,AU,1570071275,64,-30.38,153.1,82,19.46
319,wanning,75,AT,1570071275,87,48.64,13.53,46.99,10.29
320,ugoofaaru,45,MV,1570071275,71,5.67,73,83.27,7.36
321,bulalacao,99,PH,1570071276,56,13.7,123.78,87.93,2.42
322,saskylakh,4,RU,1570071276,76,71.97,114.09,19.39,0.87
323,scottsbluff,1,US,1570071276,81,41.87,-103.67,44.6,9.17
324,papetoai,20,PF,1570071276,65,-17.5,-149.87,80.6,12.75
325,brigantine,90,US,1570071234,76,39.41,-74.36,80.01,4.7
326,prince rupert,90,CA,1570071277,100,54.32,-130.32,50,5.82
327,kamenka,100,MD,1570071166,81,48.03,28.7,57.99,7.96
328,marsh harbour,1,BS,1570071277,82,26.54,-77.06,79.53,15.08
329,tautira,20,PF,1570071278,65,-17.73,-149.15,80.6,12.75
330,walvis bay,0,NA,1570071278,93,-22.95,14.51,55.4,9.17
331,provideniya,75,RU,1570071161,80,64.42,-173.23,39.2,17.9
332,ahipara,100,NZ,1570071278,76,-35.17,173.16,61,15.5
333,athabasca,0,CA,1570071230,91,54.72,-113.29,35.57,4.76
334,moron,100,HT,1570071075,77,18.56,-74.26,80.23,2.68
335,drumnadrochit,20,GB,1570071279,100,57.34,-4.48,42.8,2.24
336,valdivia,0,CL,1570071280,100,-39.81,-73.25,37.4,3.36
337,folkestone,1,US,1570071280,65,34.1,-80.94,82.4,3.36
338,hauterive,1,CA,1570071280,80,49.18,-68.27,39.2,5.82
339,coruripe,0,BR,1570071280,93,-10.12,-36.18,69.41,5.5
340,jinxiang,54,CN,1570071281,35,35.07,116.31,86.04,2.66
341,sandwick,100,GB,1570071281,93,54.57,-2.89,41,5.82
342,kajaani,0,FI,1570071281,86,64.22,27.73,30.2,4.7
343,chenzhou,0,CN,1570071281,33,25.81,113.03,94.18,3.58
344,rocha,83,UY,1570071235,82,-34.48,-54.34,49.38,10.83
345,qinzhou,0,CN,1570071282,51,21.96,108.62,87.32,6.2
346,luderitz,0,NA,1570071117,93,-26.65,15.16,55.23,24.07
347,muravlenko,100,RU,1570071283,95,63.79,74.5,46.48,13.8
348,yumen,93,CN,1570071283,22,40.29,97.04,56.54,17.94
349,santa cruz,0,BR,1570071283,78,-6.22,-36.02,68.55,15.05
350,tete,75,MZ,1570070988,83,-16.16,33.59,69.8,4.7
351,maloy,99,ID,1570071284,58,1,118.1,89.63,1.61
352,auki,29,NG,1570071284,89,12.18,6.51,72.9,6.76
353,ust-maya,100,RU,1570071284,50,60.42,134.54,32.37,9.82
354,namatanai,69,PG,1570071285,71,-3.66,152.44,81.63,5.91
355,marsa matruh,0,EG,1570071247,88,31.35,27.25,69.8,13.96
356,vanimo,17,PG,1570071285,70,-2.67,141.3,83.25,5.66
357,kerema,50,PG,1570071285,84,-7.96,145.78,78.86,23.06
358,commerce,1,US,1570071286,78,34.2,-83.46,80.6,3.36
359,storforshei,66,NO,1570071286,78,66.4,14.52,26.57,6.04
360,kurilsk,0,RU,1570071286,92,45.23,147.88,60.45,20.62
361,den helder,40,NL,1570071137,81,52.96,4.76,55.4,11.41
362,guerrero negro,0,MX,1570071085,79,27.97,-114.04,66.59,13.89
363,port-cartier,75,CA,1570071287,69,50.03,-66.88,37.4,5.82
364,balkanabat,0,TM,1570071287,21,39.51,54.36,65.79,5.84
365,hackettstown,90,US,1570071287,88,40.85,-74.83,73.4,12.75
366,yerbogachen,100,RU,1570071197,95,61.28,108.01,33.77,11.92
367,broken hill,0,AU,1570071288,10,-31.97,141.45,87.8,19.46
368,vardo,90,US,1570071288,78,39.62,-77.74,81,1.43
369,monster,75,NL,1570071288,93,52.03,4.17,55,6.93
370,drayton valley,0,CA,1570071288,91,53.22,-114.98,37.84,5.46
371,alofi,75,NU,1570071140,74,-19.06,-169.92,82.4,6.93
372,klyuchi,25,RU,1570071042,57,52.25,79.17,43.74,2.95
373,eureka,1,US,1570071197,76,40.8,-124.16,54,8.05
374,antalaha,94,MG,1570071289,94,-14.9,50.28,66.53,3.22
375,atar,0,MR,1570071289,10,20.52,-13.05,93.35,8.68
376,havelock,1,US,1570071290,78,34.88,-76.9,79,5.82
377,teabo,0,MX,1570071290,88,20.4,-89.28,75.24,3.38
378,osoyoos,75,CA,1570071290,43,49.03,-119.47,55.4,16.11
379,dalbandin,33,PK,1570071291,33,28.9,64.41,76.83,6.35
380,te anau,8,NZ,1570071291,76,-45.41,167.72,43.98,9.17
381,alta floresta,24,BR,1570071291,85,-9.87,-56.08,71.5,2.1
382,goderich,100,CA,1570071182,86,43.74,-81.71,54,11.01
383,russell,90,US,1570071218,82,38.9,-98.86,55.99,14.99
384,cairns,75,AU,1570071090,57,-16.92,145.77,84,20.8
385,hovd,90,NO,1570071292,93,63.83,10.7,43,6.93
386,makinsk,23,KZ,1570071292,52,52.63,70.42,40.29,6.82
387,yurimaguas,38,PE,1570071293,91,-5.9,-76.1,68.24,4.81
388,ravar,0,IR,1570071293,34,31.27,56.81,61.83,4.45
389,mecca,26,SA,1570071093,81,21.43,39.83,78.39,3.04
390,lowestoft,0,GB,1570071293,86,52.48,1.75,45,6.93
391,dwarka,40,IN,1570071294,78,28.58,77.04,86,3.49
392,exeter,0,GB,1570071294,100,50.73,-3.53,50,2.24
393,mikhaylovskoye,0,RU,1570071294,50,43.1,44.64,52.47,2.48
394,vao,94,EE,1570071295,85,59.1,26.19,41.98,4.7
395,rovnoye,0,RU,1570071295,72,50.78,46.06,54.02,3.06
396,arman,94,RU,1570071295,71,59.7,150.17,32.28,4.47
397,belmonte,69,PT,1570071296,71,40.36,-7.35,52,2.1
398,nyzy,100,UA,1570071296,80,50.78,34.78,51.74,10.96
399,bahadurgarh,40,IN,1570071296,78,28.69,76.93,86,4.85
400,lypova dolyna,100,UA,1570071296,81,50.56,33.8,52.51,10.54
401,nemuro,75,JP,1570071263,82,43.32,145.57,66.2,12.75
402,batticaloa,2,LK,1570071233,65,7.71,81.69,83.56,5.21
403,ketchikan,90,US,1570071036,87,55.34,-131.65,51.8,4.7
404,north bend,90,US,1570071297,87,43.41,-124.22,53.6,4.7
405,horadiz,0,AZ,1570071297,100,39.45,47.33,60.8,4.7
406,port moresby,95,PG,1570071298,84,-9.47,147.16,77.57,30.96
407,yulara,15,AU,1570071298,7,-25.24,130.99,96.8,11.41
408,ekhabi,100,RU,1570071298,59,53.51,142.97,41.71,21.16
409,vestmanna,0,FO,1570071299,81,62.16,-7.17,42.8,1.12
410,vanjulet,13,RO,1570071299,61,44.44,22.79,60.68,3.83
411,la palma,100,CO,1570071299,96,5.36,-74.39,69.47,1.99
412,mulchen,33,CL,1570071300,98,-37.72,-72.23,37.05,3.24
413,sao miguel do tapuio,42,BR,1570071184,72,-5.5,-41.32,73.68,3.2
414,fereydun kenar,0,IR,1570071300,93,36.69,52.52,66.2,3.04
415,marion,0,US,1570071300,73,35.21,-90.2,82,5.84
416,port hardy,90,CA,1570071301,93,50.7,-127.42,50,14.99
417,panlaitan,47,PH,1570071301,67,12.12,119.85,83.67,2.57
418,hunterville,100,NZ,1570071301,52,-39.94,175.57,55,5.01
419,oranjestad,40,AW,1570071302,79,12.52,-70.03,84.2,14.99
420,honiara,40,SB,1570071302,62,-9.43,159.96,87.8,5.82
421,kinablangan,3,PH,1570071302,65,7.69,126.55,83.51,6.33
422,clyde river,75,CA,1570071302,98,70.47,-68.59,32,4.7
423,mahibadhoo,76,MV,1570071303,75,3.78,72.97,82.62,8.61
424,rio gallegos,0,AR,1570071303,73,-51.62,-69.22,42.8,13.87
425,yuanping,48,CN,1570071303,43,38.72,112.71,69.09,6.78
426,state college,90,US,1570071126,100,40.79,-77.86,73.4,11.41
427,cockburn town,11,TC,1570071304,68,21.46,-71.14,82.98,3.76
428,tilichiki,88,RU,1570071304,91,60.47,166.1,35.14,13.62
429,kabalo,0,CD,1570071304,88,-6.05,26.92,68.89,2.95
430,chernyshevskiy,100,RU,1570071305,92,63.01,112.47,32.33,11.56
431,albacete,0,ES,1570071305,81,39,-1.86,55.99,3.36
432,pierre,90,US,1570071231,93,44.37,-100.35,43,4.7
433,maniitsoq,62,GL,1570071305,53,65.42,-52.9,42.54,13.67
434,santiago de cao,40,PE,1570071306,88,-7.96,-79.24,62.6,11.41
435,santa rosa,0,AR,1570071306,43,-36.62,-64.29,49.16,13.33
436,meulaboh,98,ID,1570071306,80,4.14,96.13,79.31,9.64
437,camacha,40,PT,1570071144,83,33.08,-16.33,69.8,2.24
438,bitlis,1,TR,1570071306,41,38.4,42.11,55.26,5.55
439,ashqelon,0,IL,1570071307,73,31.67,34.57,71.6,3.36
440,alice springs,0,AU,1570071307,7,-23.7,133.88,93.2,21.92
441,esna,0,RO,1570071307,65,45.2,27.57,60.47,8.48
442,cayenne,0,GF,1570071307,83,4.94,-52.33,78.8,6.08
443,rockland,75,CA,1570071206,75,45.55,-75.29,45,8.05
444,svetlaya,100,RU,1570071308,82,46.54,138.33,55.35,4.88
445,avera,1,US,1570071308,74,33.19,-82.53,80.6,4.56
446,sinaloa,5,MX,1570071308,14,32.55,-115.28,84.2,5.82
447,matagami,98,NG,1570071309,96,9.67,8.4,67.16,1.68
448,rio claro,0,BR,1570071309,68,-22.41,-47.56,66.2,5.39
449,leningradskiy,100,RU,1570071309,92,69.38,178.42,29.11,12.82
450,turtas,100,RU,1570071309,82,58.94,69.13,45.47,12.93
451,skuodas,0,LV,1570071310,100,56.27,21.52,39.2,2.24
452,roald,91,NO,1570071310,87,62.58,6.12,44.6,2.24
453,cap-aux-meules,75,CA,1570071271,52,47.38,-61.86,46.4,20.8
454,mattru,100,SL,1570071310,98,7.62,-11.83,73.34,2.17
455,hanstholm,100,DK,1570071311,73,57.12,8.61,48,15.32
456,molchanovo,10,RU,1570071311,67,57.58,83.76,43.38,11.03
457,rio cuarto,0,AR,1570071311,40,-33.13,-64.35,51.8,9.17
458,todos santos,20,MX,1570071311,69,23.45,-110.23,80.01,6.93
459,soyo,100,AO,1570071114,84,-6.13,12.37,76.65,6.31
460,henties bay,0,NA,1570071312,93,-22.12,14.28,57.23,7.87
461,esperance,67,AU,1570071312,56,-33.86,121.89,68,13.87
462,lekoni,76,GA,1570071312,96,-1.58,14.26,69.12,4.23
463,baruun-urt,100,MN,1570071313,63,46.68,113.28,38.25,18.9
464,bongor,100,TD,1570071313,81,10.28,15.37,72.33,6.78
465,namibe,53,AO,1570071313,82,-15.19,12.15,64.93,6.58
466,maldonado,75,UY,1570071314,71,-34.91,-54.96,51.8,13.87
467,jardim,61,BR,1570071314,84,-21.48,-56.15,71.03,1.1
468,atasu,0,KZ,1570071314,31,48.68,71.64,41.55,6.49
469,harper,1,US,1570071314,51,30.3,-99.24,80.6,7
470,carauari,41,BR,1570071315,76,-4.88,-66.9,77.53,0.85
471,sicamous,90,CA,1570071315,81,50.84,-118.99,48.2,1.68
472,ayan,0,IR,1570071315,38,38.23,44.7,51.8,2.24
473,sioux lookout,90,CA,1570071315,77,50.1,-91.92,39.2,3.36
474,kulhudhuffushi,1,MV,1570071262,73,6.62,73.07,82.48,10.2
475,tucupita,97,VE,1570071316,92,9.06,-62.05,75.5,4.63
476,waingapu,1,ID,1570071316,30,-9.65,120.26,89.03,17.25
477,baker city,1,US,1570071316,45,44.77,-117.83,51.8,10.29
478,karema,71,TZ,1570071317,73,-6.82,30.44,75.19,7.11
479,hobyo,100,SO,1570071131,86,5.35,48.53,78.47,6.38
480,puerto baquerizo moreno,100,EC,1570071317,83,-0.9,-89.6,68.76,13.04
481,svetlogorsk,40,RU,1570071317,60,53.14,59.15,41,8.95
482,borogontsy,100,RU,1570071318,55,62.67,131.17,29.34,8.93
483,meadow lake,0,CA,1570071318,87,54.13,-108.44,34.65,4.23
484,weihai,0,CN,1570071318,39,37.5,122.11,89.01,14.7
485,imeni poliny osipenko,67,RU,1570071318,42,52.42,136.49,45.85,3.47
486,manicore,33,BR,1570071319,69,-5.81,-61.3,78.34,1.41
487,kidal,9,ML,1570071319,48,18.44,1.41,83.07,4.81
488,dergachi,33,RU,1570071319,85,51.24,48.77,51.27,3.67
489,west bay,90,CA,1570071319,81,49.34,-123.21,57,4.7
490,lata,7,IN,1570071320,56,30.78,78.62,39.87,4.83
491,pasni,92,PK,1570071320,71,25.26,63.48,83.36,3.89
492,tongzi,100,CN,1570071320,77,28.78,105.09,75.33,2.98
493,villa constitucion,90,AR,1570071320,67,-33.23,-60.33,57.2,12.75
494,palana,100,RU,1570071321,70,59.08,159.95,38.58,6.51
495,san juan,53,AR,1570071321,30,-31.54,-68.53,40.05,1.9
496,la ronge,5,CA,1570071321,81,55.1,-105.3,41,6.93
497,quesnel,90,CA,1570071321,76,52.98,-122.49,50,3.33
498,lakes entrance,0,AU,1570071322,15,-37.88,147.99,93,4
499,praia da vitoria,75,PT,1570071322,82,38.73,-27.07,64.4,8.43
500,sangar,66,RU,1570071322,55,63.92,127.47,31.13,10.22
501,jumla,60,NP,1570071323,74,29.28,82.18,56.58,1.95
502,catabola,28,AO,1570071323,90,-12.14,17.29,57.69,5.57
503,talcahuano,0,CL,1570071323,81,-36.72,-73.12,48.2,11.41
504,tubuala,40,PA,1570071323,94,9.52,-79.03,77,6.93
505,la paz,20,MX,1570071324,51,24.15,-110.32,82.4,6.93
506,tsumeb,38,NA,1570071324,18,-19.25,17.72,61.04,7.9
507,kondopoga,93,RU,1570071324,80,62.21,34.27,39.2,8.95
508,khuzhir,0,RU,1570071324,38,53.19,107.35,37.07,3.27
509,lavrentiya,62,RU,1570071235,80,65.58,-170.99,34.98,13.53
510,chapais,90,CA,1570071325,91,49.78,-74.86,37.4,8.05
511,vendome,0,FR,1570071325,100,47.44,-0.57,48.99,2.24
512,grakhovo,0,RU,1570071326,87,56.05,51.96,51.8,13.42
513,ushibuka,61,JP,1570071326,83,32.19,130.02,77.51,22.7
514,sabha,0,LY,1570071326,20,27.03,14.43,76.18,12.12
515,labuhan,0,ID,1570071326,53,-2.54,115.51,91.07,1.77
516,mount gambier,90,AU,1570071327,77,-37.83,140.78,62.6,12.75
517,galveston,1,US,1570071327,83,40.58,-86.19,77,3.36
518,cortez,1,US,1570071053,33,37.35,-108.58,46.4,5.82
519,castlegar,100,CA,1570071328,91,49.32,-117.66,33.39,2.93
520,sume,40,RS,1570071328,100,43.62,20.22,59,5.82
521,kalmunai,2,LK,1570071329,65,7.42,81.82,83.56,5.21
522,lodja,100,CD,1570071329,98,-3.52,23.6,68.06,1.07
523,krasnogorskiy,0,RU,1570071329,71,55.39,83.61,42.97,9.08
524,shitanjing,60,CN,1570071329,36,39.23,106.34,69.01,1.99
525,okhotsk,0,RU,1570071330,38,59.36,143.24,36.54,19.53
526,madawaska,90,CA,1570071330,74,47.36,-68.32,39.99,8.05
527,lodi,0,IT,1570071330,65,45.31,9.5,64.99,6.93
528,aykhal,90,RU,1570071330,92,65.95,111.51,24.8,4.47
529,maragogi,48,BR,1570071331,92,-9.01,-35.22,70.71,4.12
530,vung tau,28,VN,1570071331,70,10.35,107.08,84.77,5.48
531,oksfjord,90,NO,1570071331,72,70.24,22.35,35.6,3.36
532,carmo do paranaiba,23,BR,1570071331,54,-19,-46.32,64.99,2.3
533,grand island,90,US,1570071332,81,40.92,-98.34,51.01,10.29
534,hazaribag,97,IN,1570071332,81,23.98,85.35,76.85,3.42
535,broome,1,GB,1570071332,86,52.47,1.45,46,6.93
536,ola,100,RU,1570071333,65,59.58,151.3,37.16,6.02
537,san quintin,46,PH,1570071333,66,17.54,120.52,85.74,4.27
538,coronado,75,PA,1570071333,94,8.53,-79.9,81,4.7
539,juneau,75,US,1570071333,81,58.3,-134.42,51.8,6.93
540,rio grande,100,BR,1570071258,90,-32.03,-52.1,59.85,11.3
541,muros,20,ES,1570071334,100,42.77,-9.06,61,9.66
542,beloha,100,MG,1570071334,82,-25.17,45.06,69.97,10.89
543,machiques,100,VE,1570071334,95,10.06,-72.55,56.36,3.22
544,llaillay,0,CL,1570071335,76,-32.84,-70.95,50,3.36
545,babu,87,CN,1570071335,81,23.23,104.89,69.5,7.25
546,kasongo-lunda,85,CD,1570071335,95,-6.48,16.82,64.79,1.23
547,misratah,31,LY,1570071335,65,32.38,15.09,78.32,19.04
548,oyama,75,JP,1570071336,61,36.31,139.8,87.01,8.05
549,valledupar,20,CO,1570071321,94,10.46,-73.25,73.4,2.77
550,huron,90,US,1570071336,100,44.36,-98.21,46.4,11.41
551,puerto colombia,75,CO,1570071336,88,10.99,-74.96,81,2.24
552,queanbeyan,0,AU,1570071337,24,-35.35,149.23,80.01,16.11
553,los dos caminos,0,VE,1570071337,78,10.49,-66.83,78.8,5.82
554,bereda,100,ES,1570071337,100,43.27,-7.54,55.99,5.82
555,mubi,100,NG,1570071338,64,10.27,13.26,73.8,10.63
556,utevka,78,RU,1570071338,94,52.9,50.95,48.12,8.48
557,chicama,40,PE,1570071142,88,-7.84,-79.15,62.6,11.41
558,dutse,100,NG,1570071338,73,11.76,9.34,76.76,8.46
559,mmabatho,0,ZA,1570071339,58,-25.85,25.61,59,13.87
